name,type,days_ago,price,area,rooms,img,url,utilities,description,availability
Schieweg,Apartment,28,2150,69 m2,Total 3 rooms                                                                                                             (2  bedrooms),https://resources.kamernet.nl/image/b8274363-a8b2-4102-97e0-706dd713bb23,https://kamernet.nl/en/for-rent/apartment-rotterdam/schieweg/apartment-2083039,Utilities excl.,"**AVAILABLE AS OF JANUARY 2023**Please note I will only respond to those inquiring about 2023.Welcome to my home!This is a fully furnished two-bedroom apartment that can accommodate three people (one double bed and one single bed)The spacious living, dining, and kitchen area flows nicely with each other.Ample amount of storage space plus a washing machine!The apartment is located centrally with only a 10-minute walk to Rotterdam central station and a 5-minute walk to the tram which will take you downtown in a matter of minutes!",05-01-'23
Zonnebloemstraat,Room,0,595,21 m2,Number of rooms unlisted,https://resources.kamernet.nl/image/c709e975-dee8-4505-ac5b-a775b223bfd4,https://kamernet.nl/en/for-rent/room-rotterdam/zonnebloemstraat/room-2090004,Utilities excl.,"Ik verhuur in mijn huis de kamers op de bovenste verdieping. Het gaat om twee kamers van in totaal ruim 21 m2. Er is een mogelijkheid om in overleg en in samenwerking een slaapvide te maken, waardoor er extra ruimte overblijft in de kamers. Op de bovenste verdieping is ook een wastafel, die je voor jezelf hebt.Het huis is volledig gerenoveerd en mooi ingericht met nieuwe meubels. Ik ben zelf werkend en zoek iemand die ook al werkt of net gaat werken. Bij voorkeur iemand die niet elke dag thuis werkt, maar ook naar kantoor gaat. Ik vind het leuk om dingen samen te doen en samen te eten, maar ook je eigen dingen te hebben en vooral te doen.",01-01-'23 until 31-12-'23
Oostzeedijk,Room,0,495,18 m2,Number of rooms unlisted,https://resources.kamernet.nl/image/796ca27a-47d4-44d6-95a1-2119c2e7b90c,https://kamernet.nl/en/for-rent/room-rotterdam/oostzeedijk/room-2089937,Utilities incl.,"*** ONLY DUTCH SPEAKERS***Toplocatie in Kralingen, op loopafstand van de universiteit. Rustige, ruime kamer, 18m2, hoge plafonds, twee ingebouwde kasten. GEEN studentenhuis, wel 1 andere studente (19, filosofie) in huis. Keuken, badkamer en tuin worden gedeeld met max. 2 personen, toilet met 1 persoon. Incl. WIFI. Ideaal voor zelfstandige studenten die zichzelf bezig kunnen houden en die thuis een rustige plek zoeken. Winkels op 5 minuten lopen (Appie, Aldi, natuurvoeding etc.) en het openbaar vervoer stopt voor de deur. Alleen studenten EUR, en ladies only! (dat betekent Erasmus Universiteit, en alleen meiden)Belangstelling? Stuur een mailtje en vertel wat over jezelf: wat je studeert/gaat studeren, je interesses, wat je van een kamer verwacht en waarom je vindt dat JIJ deze kamer moet krijgen.Zo lang deze advertentie hier staat is de kamer nog niet verhuurd.En ook niet onbelangrijk: je krijgt ALTIJD binnen 24 uur antwoord! :-)",01-12-'22
Heemskerkstraat,Apartment,0,3000,100 m2,Total 4 rooms                                                                                                             (3  bedrooms),https://resources.kamernet.nl/image/1481ccd1-ec79-428f-b0d9-410c953ba53d,https://kamernet.nl/en/for-rent/apartment-rotterdam/heemskerkstraat/apartment-2089843,Utilities excl.,"Geweldig recent opgeknapt appartement in √©√©n van de meest populaire wijken van Rotterdam! Deze dubbele bovenwoning van ca. 100m2 bevindt zich op de tweede en derde verdieping. De tweede verdieping beschikt over een hal die toegang geeft tot een ruime open leefruimte met (gloednieuw geplaatste) keuken en modern toilet. Op de derde verdieping vind je drie slaapkamers, de badkamer en een opbergruimte. Kortom, de perfecte woning in een fijne en karakteristieke buurt. De Heemskerkstraat is ideaal gelegen in de populaire buurt Bergpolder/Blijdorp. Deze wijk staat bekend om zijn hippe/jonge ondernemers, verschillende supermarkten, vele winkeltjes, restaurants, sportvoorzieningen en een centrale ligging ten opzichte van de bruisende binnenstad. Daarbij is het Oude Noorden met leuke winkels en restaurants in de buurt. Verder zijn diverse uitvalswegen (A13 en A20) uitstekend bereikbaar. Indeling Tweede verdieping Je betreedt de woning via de trap vanaf de voordeur. Aangekomen bij de tweede verdieping biedt de hal van de woning (middels stalen deur) toegang tot de woonkamer met keuken. Ook bevindt het toilet met fonteintje zich in de hal. De ruime woonkamer is voorzien van een nieuwe keuken. De keuken is uitgerust met inbouwapparatuur zoals een gasfornuis, oven, afzuigkap en koel-vriescombinatie. De achterzijde van de woning geeft toegang tot het balkon. Derde verdieping Op de derde verdieping vind je drie slaapkamers, de opbergruimte en de volledig nieuwe badkamer met douchecabine, toilet en wastafelmeubel. De slaapkamer aan de achterzijde is voorzien van een balkon. Middels vaste trap kom je bij het dak.",01-12-'22
Van Cittersstraat,Room,0,735,20 m2,Number of rooms unlisted,https://resources.kamernet.nl/image/2887a629-e779-444e-a396-dc9263e9fa6e,https://kamernet.nl/en/for-rent/room-rotterdam/van-cittersstraat/room-2089863,Utilities incl.,,06-12-'22 until 31-12-'23
Hoogstraat,Room,14,700,12 m2,Number of rooms unlisted,https://resources.kamernet.nl/image/5ec8090f-197d-43e4-ba24-3705f0bc47e8,https://kamernet.nl/en/for-rent/room-rotterdam/hoogstraat/room-2086362,Utilities incl.,"I am looking for a new roommate (+-30) in the heart of Rotterdam. The house is approximately 80m2 and for ~700e incl. youll have your own room and ‚Äúwalk-in‚Äù closet and you‚Äôll share the kitchen, bathroom, toilet and living space with views of the iconic cube houses and markthal with me",18-12-'22
Pompenburg,Room,1,800,18 m2,Number of rooms unlisted,https://resources.kamernet.nl/image/5ca9a5ba-362d-4eba-95af-336204c93df8,https://kamernet.nl/en/for-rent/room-rotterdam/pompenburg/room-2089832,Utilities incl.,"Hey everyone,Per halfway January 2023 we are looking for a temporary new house mate in our apartment at hofplein Rotterdam.The living area is directly next to metro ‚Äòstadhuis‚Äô and just 5-10 minutes walking to Rotterdam Central. Or 15 minutes biking to the Erasmus University.It‚Äôs a furnished room of 18m2 with a walk in closet. The following furnish is available:- Bed- Mechanic adjustable desk- Air purifier- Monitor- Sofa- TV (plus Chromecast)- Wall planks- Closet- Cloth rack- Cloth planksOn the ground floor there is a shared bathroom and toilet. On the first floor you can find a shared living room of 24m2 and a kitchen with acces to a balcony with possibly the best view of Rotterdam!Do you want more information and/or want to have a look around? Feel free to contact me. *arrival and departure is subject to change to fit your needs.",22-01-'23 until 01-07-'23
Vergiliusstraat,Apartment,1,450,70 m2,Total 3 rooms,https://resources.kamernet.nl/image/7110e92c-f7b3-4b13-a91b-e9f0fb1a3d50,https://kamernet.nl/en/for-rent/apartment-rotterdam/vergiliusstraat/apartment-2089792,Utilities excl.,We are a real estate agency who advertises on Kamernet. To use our service we charge a 15 euro registration fee on our website.,24-11-'22
Mathenesserlaan,Room,1,610,20 m2,Number of rooms unlisted,https://resources.kamernet.nl/image/03ef1f2a-9288-4334-b155-20ddc2bda7e3,https://kamernet.nl/en/for-rent/room-rotterdam/mathenesserlaan/room-2089742,Utilities incl.,Room available in Rotterdam West from the 8th Dec - 8th March in a house with 5 other girls that are at the end of their study/ just started working.,08-12-'22 until 08-03-'23
Orchideestraat,Room,1,560,14 m2,Number of rooms unlisted,https://resources.kamernet.nl/image/0c8b81fe-0b2c-4cd2-9436-25cf5ad23494,https://kamernet.nl/en/for-rent/room-rotterdam/orchideestraat/room-2089703,Utilities excl.,"For the month of December, we are looking for a female subtenant (late study/early working) in our house (5 total) in Rotterdam North. The room is 14 m2 and the rent is 540 euros exclusive. We are all in the final stages of our studies and like to eat together and do fun things. Interested? Send a message!",01-12-'22 until 01-01-'23
Strevelsweg,Room,1,650,12 m2,Number of rooms unlisted,https://resources.kamernet.nl/image/5bb226c8-2925-49dd-864c-c5c546a86373,https://kamernet.nl/en/for-rent/room-rotterdam/strevelsweg/room-2089687,Utilities incl.,"Een ruime ongemeubileerde kamer aangeboden aan de Strevelsweg in Rotterdam. De huur is inclusief gas, water, elektra en internet. Deze kamer is per 01 november 2022 beschikbaar.De kamer ligt aan de achterzijde van de woning en heeft veel lichtinval. De kamer is circa 12 vierkante meter.In totaal wonen in de woning 5 andere studenten, per etage is er een eigen keuken en badkamer beschikbaar. Dit betekent dat jij de badkamer en keuken alleen hoeft te delen met 1 andere student.Deze kamer is gelegen in de buurt Vreewijk. Dit is een kindvriendelijke buurt met relatief veel gezinnen. Verder is het een betrekkelijk rustige buurt gekeken naar de bevolkingsdichtheid.De woning is goed bereikbaar met veel voorzieningen in de buurt. Gesitueerd op loopafstand van een supermarkt en loopafstand van een treinstation. Daarnaast is de dichtstbijzijnde uitvalsweg in de nabije omgeving op slechts 2 minuten rijden.Handig om te weten :‚Äì Geschikt voor student met garantsteller‚Äì Geschikt voor werkende studenten‚Äì Huurperiode in overleg‚Äì Per 1 november 2022 beschikbaar*Voorbeeldfoto‚Äôs van soortgelijke kamer",24-11-'22
Oppert,Room,1,550,8 m2,Number of rooms unlisted,N/A,https://kamernet.nl/en/for-rent/room-rotterdam/oppert/room-2089452,Utilities excl.,"Hi all! (Internationals and Dutchies welcome / +21)My name is Asier and I'm moving to a 2-bedroom apartment in the city centre of Rotterdam and I've got a cozy 8m room free!So this is the place in a nutshell:- Located in Oppert street: between R'dam Central (15 mins walk) and Blaak (10 mins walk). Surrounded by gyms, restaurants, coffeeshop, clothing stores, bars and pretty much anything you need.- 60m2: Living room 17m2 and your bedroom 8m2.- Price: 550 excluding utilities. Utilities are about 80 euros each person.- Most furniture is the current tenant's and he will only leave the living room furniture. You will need to buy a bed/desk for your room. Also, you'll have to pay half of the washer machine (I haven't bought it yet but think it will around 400 so you'll have to pay 200) The big wardrobe in your room will be gone.- Regarding the contract, I'm the main tenant and technically I ""sublet"" the second room to you. The landlady (she's cool) is fine with this and you will be able to register!- No smoking allowed - it is okay if you are but these is the landlady's order.Moving date: Ideally December 6-7, but we can discuss this bit.- Viewing: In person, 3 or 4 December - to be further specifiedAbout you:- 21-30 years old.- LGBTQ+ friendly - really if you are not pls back off üôÇ- Preferably you hold at least a Bachelor's and in your first/second working experience.- You speak fluent English and/or Spanish- You are organised and tidy but without going to Monica Geller extent- You are (relatively) social and down for having some chill time with a beer or a movie every now and then.About me:- I'm 26, and from the Basque Country, in the North of Spain, so don't assume I'm used to good weather because that's another rainy shithole too haha.- I did my undergrad studies in Biotech and studied my master's in Utrecht Uni in Science and Business Management - my major is in behavioral neurobiology.- I have a very dark sense of humor, I really like chilling with friends and having drinks with my flatmate every now and then. I'm also rather social but I also enjoy having ""me"" time.- I currently work at TU Delft as a Startup Scout - so if you are interested in entrepreneurship that's a huge plus.- I love writing and reading, cooking, and also bouldering - I've put it on hold for the last year due to my studies but already planned on getting back in track. - I like pretty much any music genre - my playlist goes from Rammstein to Taylor Swift to Calle 13.Sounds like we could be flatmates? Then just apply!CheersAsier",01-12-'22 until 30-09-'23
Navanderstraat,Apartment,1,1450,62 m2,Total 3 rooms                                                                                                             (2  bedrooms),https://resources.kamernet.nl/image/ede907f4-4c8b-42c8-86ad-b6bc4562175e,https://kamernet.nl/en/for-rent/apartment-rotterdam/navanderstraat/apartment-2089447,Utilities excl.,"Per December 1, 2022 this neat and fully furnished 3-room apartment (62m2) on the Navanderstraat in Rotterdam is available for ‚Ç¨1,450, - excluding G/W/E per month. The apartment is located directly on the Vroesenpark and is well maintained. In addition, the house has a beautifully landscaped and enclosed courtyard garden and a storage room of 8m2 on the first floor. Located in one of the most sought after neighborhoods of Rotterdam, in close proximity to C.S. and downtown. The apartment will be fully furnished.The apartment is easily accessible by both car (A13/A20 ring road) and public transport Central Station, Metro and streetcar within walking distance. The center of Rotterdam is within cycling distance. Elementary schools, college, Erasmus University are in the immediate vicinity. The Vroesenpark is in front of the door and Blijdorp Zoo and sports facilities can be found in close proximity. Details of the property: - Located directly on the park;- Excellently maintained 3-room apartment with a sunny balcony on the courtyard side (facing south);- Two bedrooms;- Separate storage room in the basement;- Fully furnished;- Within walking distance of public transport, including metro Randstadrail and Central Station. Excellent access to highways A13 A20;- The apartment is part of the national monument ""De Eendracht"" to the architecture of J. Van den Broek;Details:- Available by December 1, 2022;- Fully furnished;- Surface area: 62m2;- Rent is excluding gas, water, electricity, internet/tv and municipal taxes;- Monthly service charges for furnishing are ‚Ç¨50,- per month.- On the first floor is an enclosed private storage available;- The apartment will be furnished;- Income requirement: at least 2.5 times the monthly rent;- Close to amenities such as a supermarket and train station;- Smoking in the apartment is not allowed;- Deposit equals 1 month rent;- Pets are not allowed in the house;- Registration with the municipality is allowed.Are you interested in this property? Then contact us soon and we will schedule a viewing. Please leave your email address and phone number in the message. This way we can contact you better.",01-12-'22
Opzoomerstraat,Apartment,1,987,43 m2,Total 2 rooms                                                                                                             (1  bedroom),https://resources.kamernet.nl/image/768fd612-17ff-4437-bc10-dd0acfda5f55,https://kamernet.nl/en/for-rent/apartment-rotterdam/opzoomerstraat/apartment-2089614,Utilities incl.,"Appartement te huur ivm huisbewaring voor een periode van 8 maanden. Het appartement is beschikbaar vanaf 4 december 2022. Dit appartement heeft een oppervlakte van ca. 43m¬≤. Het bevindt zich op de eerste verdieping van de woning. De woning heeft een gezellige woonkamer met open keuken en veel planten. Authentieke openslaande deuren leiden naar een fijn balkon (5m¬≤) gelegen op het zuiden. Aan de rustige voorzijde van de woning bevindt zich de slaapkamer. Het appartement is volledig gemeubileerd en uitgerust met alle benodigdheden zoals keukengerei en linnen. Verder is het appartement voorzien van centrale verwarming en een parketvloer. Wasmachine, ruime koelkast met een vriezer, combimagnetron, gasfornuis zijn aanwezig in het appartement. Er is geen vaatwasser aanwezig. Ook is er geen TV. Zowel aan de voor- als de achterzijde is er enkelglas, toch zijn de stookkosten laag  aangezien het een tussenwoning is. Het appartement bevindt zich op 5 minuten loopafstand van openbaar vervoer en diverse winkels. Fietsen naar het Centraal Station of het stadscentrum bedraagt ongeveer 8 minuten. ¬†Het appartement wordt inclusief gas, water, elektra en glasvezel internet verhuurd. Er is geen TV abonnement. Huur incl. servicekosten, voorschot GWE, internet en belastingen ‚Ç¨ 987,- per maand.- Huisdieren zijn niet toegestaan- Roken niet toegestaan",04-12-'22 until 31-07-'23
Groene Hilledijk,Room,1,700,35 m2,Number of rooms unlisted,https://resources.kamernet.nl/image/c578b262-9ced-45d4-b51c-256e279c9755,https://kamernet.nl/en/for-rent/room-rotterdam/groene-hilledijk/room-2087391,Utilities incl.,"Deze woning is beschikbaar vanaf 14 dec.Je zult een twee-laags appartement met mij gaan delen. Je hebt hierin je eigen slaapkamer, woonkamer en badkamer. De keuken/eetkamer met een fantastisch uitzicht over Rotterdam en het washok zullen we samen delen. Ik zoek een huisgenoot die het fijn vind om af en toe samen te eten, en heerlijk kan koken;). Iemand die het gezellig vind om een praatje te maken maar ook iemand die zijn eigen leven heeft. Een rustig persoon. Iemand die houdt van een schoon huis waar hier en daar echt wel lekker wat rond slingert. Sorry OCD'ers, dat wordt geen gelukkig huwelijk. De woning bevindt zich aan de Groene Hilledijk. Het centrum is 15 min fietsen. Het Zuiderpark 5 min lopen.",14-11-'22
Lambertusstraat,Room,1,653,15 m2,Number of rooms unlisted,https://resources.kamernet.nl/image/c16f75d1-d1ef-4b08-bddf-4815ee6173a9,https://kamernet.nl/en/for-rent/room-rotterdam/lambertusstraat/room-2089619,Utilities incl.,"I am looking for a tenant to take over this room for a short period. This is a perfect house for short term rentals from now until the end of January. The house is located in Kralingen and is fully furnished, only 1.3km from Erasmus university (3 min ride or 15 min walk ) which is perfect for students. The toilet, kitchen and bathrooms will be shared with two other roommates. The rent is 653 euros incl. (585+ 68 energy bills). Everyone is welcome to contact and view the apartment!",23-11-'22 until 31-01-'23
Van der Helmstraat,Room,2,735,16 m2,Number of rooms unlisted,https://resources.kamernet.nl/image/02d21492-b6b9-4326-865a-45d3a1d1bec2,https://kamernet.nl/en/for-rent/room-rotterdam/van-der-helmstraat/room-2089567,Utilities excl.,"Room available in a shared apartment close to Erasmus University. The apartment will be shared by 3 people. Registration is possible for all 3. The house is fully furnished and equipped with all the equipment such as washing machine, dryer, vacuum, etc. The kitchen is fully equipped with fridge, dishwasher, oven, utensils etc. The house is on the 5th floor of a building with lift and stairs. Additionally there is a garage/storage space on the ground floor for parking your bicycle or extra stuff. It is shared with 2 others who are English speaking, clean and respectful or private space. Drop some information about yourself if you feel you could be a good match and we can set up a viewing.",15-12-'22 until 25-08-'23
Philips Willemstraat,Studio,2,1575,85 m2,Number of rooms unlisted,https://resources.kamernet.nl/image/1e4cc391-cc04-4b31-98d1-8d8bc902714e,https://kamernet.nl/en/for-rent/studio-rotterdam/philips-willemstraat/studio-2089532,Utilities excl.,"Nice living and very sunny home.Two bedrooms, bathroom with bath .Central heating, new washingmachine and dryer.Goed confition, painted last August",01-01-'23
